Subject,Educ,Income2005,LogInc
2,12,5500,3.740362689
6,16,65000,4.812913357
7,12,19000,4.278753601
8,13-15,36000,4.556302501
9,13-15,65000,4.812913357
13,16,8000,3.903089987
16,13-15,71000,4.851258349
17,13-15,43000,4.633468456
18,13-15,120000,5.079181246
20,>16,64000,4.806179974
21,16,253043,5.403194328
22,16,45300,4.656098202
29,12,85000,4.929418926
34,13-15,150432,5.17734023
37,12,37000,4.568201724
38,12,70000,4.84509804
39,12,67000,4.826074803
41,13-15,120000,5.079181246
42,12,45000,4.653212514
44,12,7200,3.857332496
46,>16,42000,4.62324929
47,12,66309,4.821572478
49,13-15,34000,4.531478917
57,12,12000,4.079181246
58,>16,55500,4.744292983
61,13-15,63000,4.799340549
62,13-15,30000,4.477121255
63,16,108000,5.033423755
69,>16,120000,5.079181246
73,>16,186135,5.269828044
78,16,14657,4.166045088
86,<12,14000,4.146128036
87,12,17000,4.230448921
89,16,62000,4.792391689
97,13-15,49000,4.69019608
105,12,40000,4.602059991
106,16,105000,5.021189299
107,16,43000,4.633468456
117,13-15,83000,4.919078092
119,16,12000,4.079181246
120,16,150000,5.176091259
121,>16,41000,4.612783857
126,13-15,85000,4.929418926
129,16,80000,4.903089987
133,12,52000,4.716003344
137,16,175829,5.245090506
138,16,8000,3.903089987
139,13-15,120000,5.079181246
140,>16,65000,4.812913357
141,>16,44768,4.650967693
143,13-15,52000,4.716003344
145,12,10000,4
146,12,50000,4.698970004
147,13-15,12000,4.079181246
148,12,21800,4.338456494
149,12,95000,4.977723605
152,12,85000,4.929418926
156,<12,14000,4.146128036
158,>16,35100,4.545307116
160,13-15,65000,4.812913357
162,>16,76000,4.880813592
165,12,50000,4.698970004
166,13-15,82000,4.913813852
174,13-15,48000,4.681241237
179,12,29000,4.462397998
184,16,6000,3.77815125
185,12,34000,4.531478917
186,>16,65000,4.812913357
188,<12,15000,4.176091259
190,>16,92000,4.963787827
191,>16,118000,5.071882007
192,16,26000,4.414973348
193,16,105000,5.021189299
195,>16,348204,5.541833756
197,12,17000,4.230448921
198,>16,130000,5.113943352
199,12,38000,4.579783597
200,12,35000,4.544068044
201,16,16000,4.204119983
202,13-15,55000,4.740362689
207,12,32000,4.505149978
210,16,50000,4.698970004
218,16,261763,5.417908259
219,>16,102000,5.008600172
220,>16,105000,5.021189299
228,<12,1600,3.204119983
230,13-15,55000,4.740362689
232,13-15,45000,4.653212514
233,12,39000,4.591064607
234,12,140000,5.146128036
235,13-15,98000,4.991226076
236,13-15,30000,4.477121255
239,<12,9000,3.954242509
240,12,38000,4.579783597
242,12,75000,4.875061263
243,12,94600,4.975891136
244,12,5000,3.698970004
245,13-15,25000,4.397940009
247,>16,79000,4.897627091
248,13-15,2000,3.301029996
253,<12,20000,4.301029996
256,13-15,3000,3.477121255
257,12,22000,4.342422681
259,12,14000,4.146128036
260,13-15,65000,4.812913357
269,16,154541,5.189043718
273,13-15,61500,4.788875116
274,13-15,45000,4.653212514
275,13-15,52000,4.716003344
279,12,64500,4.809559715
281,>16,99000,4.995635195
282,16,14000,4.146128036
283,12,53000,4.72427587
284,12,90000,4.954242509
285,<12,35000,4.544068044
290,<12,19000,4.278753601
294,12,12000,4.079181246
299,<12,25000,4.397940009
306,13-15,40000,4.602059991
310,12,70000,4.84509804
313,<12,37000,4.568201724
317,16,31500,4.498310554
321,16,69000,4.838849091
323,12,80000,4.903089987
324,<12,23000,4.361727836
327,16,28000,4.447158031
335,13-15,10000,4
341,13-15,125000,5.096910013
342,>16,96000,4.982271233
346,16,120000,5.079181246
348,12,164307,5.215656066
350,>16,100000,5
351,12,39000,4.591064607
354,12,9600,3.982271233
355,13-15,120000,5.079181246
356,<12,50000,4.698970004
357,16,80000,4.903089987
358,16,110000,5.041392685
359,16,60000,4.77815125
360,>16,34000,4.531478917
362,12,48000,4.681241237
367,16,58000,4.763427994
369,16,12000,4.079181246
370,16,20000,4.301029996
373,12,9000,3.954242509
375,12,17500,4.243038049
376,>16,47000,4.672097858
377,12,10000,4
381,12,105000,5.021189299
385,12,41500,4.618048097
386,12,43000,4.633468456
388,13-15,70000,4.84509804
391,12,35000,4.544068044
392,12,60000,4.77815125
393,13-15,68000,4.832508913
399,>16,62500,4.795880017
400,16,75000,4.875061263
401,12,11500,4.06069784
405,13-15,26000,4.414973348
408,12,68000,4.832508913
409,16,180733,5.257037458
410,12,31085,4.492550872
411,12,16000,4.204119983
414,13-15,21000,4.322219295
418,13-15,28000,4.447158031
422,>16,55000,4.740362689
426,12,82000,4.913813852
433,12,21528,4.333003685
434,12,59000,4.770852012
437,12,22000,4.342422681
438,13-15,36000,4.556302501
439,16,77000,4.886490725
442,13-15,15000,4.176091259
443,13-15,47000,4.672097858
444,16,1500,3.176091259
445,16,40000,4.602059991
446,12,32000,4.505149978
449,12,14000,4.146128036
453,13-15,40300,4.605305046
456,>16,50000,4.698970004
457,16,53000,4.72427587
458,>16,65000,4.812913357
459,>16,10000,4
460,13-15,21400,4.330413773
461,16,85000,4.929418926
464,13-15,78000,4.892094603
465,12,12000,4.079181246
467,16,20000,4.301029996
470,12,46000,4.662757832
479,16,86000,4.934498451
480,>16,60000,4.77815125
481,>16,388725,5.589642472
482,>16,122000,5.086359831
484,12,30000,4.477121255
485,12,12000,4.079181246
486,12,196424,5.293194551
489,13-15,85000,4.929418926
491,12,20000,4.301029996
495,13-15,29821,4.474522203
496,16,25000,4.397940009
499,13-15,36000,4.556302501
500,13-15,53000,4.72427587
501,>16,25000,4.397940009
502,12,90000,4.954242509
503,12,23000,4.361727836
505,12,28000,4.447158031
506,16,43000,4.633468456
520,16,73000,4.86332286
521,>16,80000,4.903089987
527,13-15,50000,4.698970004
533,13-15,5000,3.698970004
535,12,20000,4.301029996
540,12,60000,4.77815125
543,12,98000,4.991226076
547,<12,69000,4.838849091
548,12,15000,4.176091259
550,12,22000,4.342422681
553,16,10000,4
554,>16,1100,3.041392685
556,>16,147000,5.167317335
557,>16,1200,3.079181246
558,>16,36000,4.556302501
560,13-15,78500,4.894869657
561,>16,42000,4.62324929
562,>16,55000,4.740362689
564,13-15,5000,3.698970004
565,13-15,55000,4.740362689
583,13-15,36000,4.556302501
585,<12,25000,4.397940009
594,12,80000,4.903089987
597,<12,500,2.698970004
604,13-15,40000,4.602059991
606,13-15,35000,4.544068044
608,16,27000,4.431363764
609,16,32000,4.505149978
612,16,46136,4.664039938
613,12,95000,4.977723605
616,12,25000,4.397940009
622,13-15,36500,4.562292864
631,<12,18000,4.255272505
632,12,4000,3.602059991
636,12,40000,4.602059991
639,12,35000,4.544068044
640,12,42000,4.62324929
645,16,163172,5.212645637
646,12,12500,4.096910013
647,12,61000,4.785329835
649,>16,110000,5.041392685
650,16,58000,4.763427994
653,>16,96000,4.982271233
659,13-15,75000,4.875061263
662,12,22000,4.342422681
663,16,85000,4.929418926
664,>16,43000,4.633468456
665,16,30000,4.477121255
667,13-15,58000,4.763427994
669,12,29000,4.462397998
671,16,10000,4
674,12,50000,4.698970004
675,<12,8400,3.924279286
679,12,20000,4.301029996
681,12,5000,3.698970004
683,>16,52000,4.716003344
684,12,72000,4.857332496
686,>16,57000,4.755874856
688,13-15,23000,4.361727836
692,13-15,45000,4.653212514
697,12,50000,4.698970004
701,<12,9800,3.991226076
703,12,3000,3.477121255
704,13-15,56000,4.748188027
707,13-15,48000,4.681241237
709,12,41167,4.614549219
711,12,40000,4.602059991
712,13-15,41000,4.612783857
713,12,11000,4.041392685
714,<12,20000,4.301029996
717,12,40000,4.602059991
719,12,48000,4.681241237
720,12,35000,4.544068044
721,13-15,22000,4.342422681
722,<12,57500,4.759667845
723,12,25000,4.397940009
724,13-15,20000,4.301029996
725,>16,74000,4.86923172
728,12,30000,4.477121255
730,13-15,100000,5
731,12,40000,4.602059991
732,12,35000,4.544068044
733,13-15,28820,4.459693976
745,12,41000,4.612783857
746,13-15,35500,4.550228353
747,12,50300,4.701567985
748,13-15,34000,4.531478917
751,16,55000,4.740362689
752,>16,120000,5.079181246
755,12,37000,4.568201724
756,12,26000,4.414973348
757,13-15,35000,4.544068044
758,12,20000,4.301029996
761,13-15,25000,4.397940009
762,12,12000,4.079181246
763,12,23000,4.361727836
764,13-15,21000,4.322219295
769,12,3000,3.477121255
772,12,74000,4.86923172
774,13-15,35000,4.544068044
776,>16,115000,5.06069784
777,16,85000,4.929418926
778,>16,30000,4.477121255
779,13-15,26000,4.414973348
784,13-15,30000,4.477121255
789,12,15000,4.176091259
792,16,30000,4.477121255
793,16,30000,4.477121255
796,16,58000,4.763427994
797,12,72000,4.857332496
799,12,53000,4.72427587
800,13-15,54000,4.73239376
801,13-15,19327,4.286164447
802,12,30000,4.477121255
804,>16,16000,4.204119983
806,12,35000,4.544068044
807,16,70000,4.84509804
810,16,115000,5.06069784
811,13-15,16000,4.204119983
812,16,10500,4.021189299
813,>16,33000,4.51851394
814,12,16000,4.204119983
815,12,23400,4.369215857
816,16,29000,4.462397998
817,16,117000,5.068185862
818,13-15,85000,4.929418926
820,16,85000,4.929418926
821,>16,34000,4.531478917
825,>16,73000,4.86332286
827,>16,169541,5.22927474
829,>16,66000,4.819543936
832,12,20000,4.301029996
835,13-15,25000,4.397940009
839,13-15,30000,4.477121255
843,12,3000,3.477121255
847,16,67500,4.829303773
849,12,20000,4.301029996
850,13-15,85000,4.929418926
851,12,48000,4.681241237
854,12,22000,4.342422681
856,13-15,25000,4.397940009
859,12,46000,4.662757832
860,12,37500,4.574031268
861,12,29000,4.462397998
862,<12,25000,4.397940009
863,12,125000,5.096910013
866,12,36000,4.556302501
872,16,176354,5.246385315
874,>16,90000,4.954242509
875,12,40000,4.602059991
878,12,50000,4.698970004
879,>16,52900,4.723455672
881,16,8000,3.903089987
882,16,42000,4.62324929
883,13-15,30000,4.477121255
884,>16,52000,4.716003344
885,16,37000,4.568201724
888,12,50000,4.698970004
889,13-15,24000,4.380211242
890,>16,183306,5.263176681
891,12,36000,4.556302501
896,16,15000,4.176091259
898,16,40000,4.602059991
899,13-15,31000,4.491361694
902,>16,64320,4.808346036
906,>16,90000,4.954242509
907,>16,7000,3.84509804
908,16,37000,4.568201724
909,13-15,31330,4.495960395
912,16,34000,4.531478917
914,12,71500,4.854306042
915,13-15,57000,4.755874856
916,16,20000,4.301029996
920,16,120000,5.079181246
921,13-15,65000,4.812913357
922,12,90000,4.954242509
929,12,42000,4.62324929
932,12,30000,4.477121255
935,12,9800,3.991226076
936,13-15,15000,4.176091259
937,13-15,75000,4.875061263
938,12,38500,4.58546073
941,13-15,80000,4.903089987
942,12,43000,4.633468456
944,>16,54000,4.73239376
945,16,37300,4.571708832
947,13-15,64000,4.806179974
949,12,70000,4.84509804
950,12,30000,4.477121255
951,12,72000,4.857332496
952,12,23600,4.372912003
955,12,40000,4.602059991
956,13-15,15000,4.176091259
958,12,35000,4.544068044
959,13-15,170247,5.231079468
960,13-15,150000,5.176091259
961,16,140000,5.146128036
962,13-15,45500,4.658011397
963,12,65000,4.812913357
964,12,48000,4.681241237
966,12,44000,4.643452676
967,12,56000,4.748188027
968,12,65000,4.812913357
969,12,31000,4.491361694
970,12,110000,5.041392685
971,12,3000,3.477121255
972,12,38000,4.579783597
973,12,42000,4.62324929
974,>16,55000,4.740362689
976,>16,51000,4.707570176
990,12,39000,4.591064607
996,12,60000,4.77815125
997,12,46000,4.662757832
999,16,27000,4.431363764
1003,16,70000,4.84509804
1004,13-15,56000,4.748188027
1007,12,125000,5.096910013
1011,12,45000,4.653212514
1013,13-15,25000,4.397940009
1019,>16,29000,4.462397998
1020,>16,84000,4.924279286
1029,12,17000,4.230448921
1034,<12,23000,4.361727836
1038,13-15,24000,4.380211242
1039,13-15,44000,4.643452676
1042,12,26000,4.414973348
1043,12,16000,4.204119983
1044,12,25000,4.397940009
1046,>16,63,1.799340549
1048,12,13000,4.113943352
1049,>16,51000,4.707570176
1051,>16,67000,4.826074803
1052,>16,183467,5.26355796
1053,16,394058,5.595560149
1056,12,24000,4.380211242
1058,13-15,47000,4.672097858
1060,12,12000,4.079181246
1062,12,115000,5.06069784
1063,12,20518,4.312135025
1065,12,20160,4.304490528
1068,<12,12000,4.079181246
1071,12,12649,4.102056193
1072,>16,65000,4.812913357
1076,13-15,40000,4.602059991
1078,16,61000,4.785329835
1080,12,7500,3.875061263
1081,13-15,38262,4.582767667
1082,16,70000,4.84509804
1085,12,36000,4.556302501
1086,>16,67500,4.829303773
1089,<12,35000,4.544068044
1090,<12,1300,3.113943352
1091,<12,24000,4.380211242
1092,12,15000,4.176091259
1093,16,35000,4.544068044
1096,12,48000,4.681241237
1097,13-15,59000,4.770852012
1098,>16,108000,5.033423755
1101,>16,50000,4.698970004
1102,13-15,429,2.632457292
1104,13-15,90000,4.954242509
1105,>16,61000,4.785329835
1106,16,35000,4.544068044
1111,12,44000,4.643452676
1114,12,50000,4.698970004
1116,13-15,30000,4.477121255
1118,12,80000,4.903089987
1122,16,37000,4.568201724
1130,12,5000,3.698970004
1134,<12,53000,4.72427587
1138,16,58000,4.763427994
1139,16,60000,4.77815125
1141,12,30000,4.477121255
1143,16,180124,5.255571583
1144,16,248713,5.395698486
1147,12,6500,3.812913357
1148,<12,31000,4.491361694
1153,<12,2300,3.361727836
1155,13-15,52000,4.716003344
1156,12,25000,4.397940009
1157,16,63000,4.799340549
1158,13-15,31000,4.491361694
1159,13-15,30000,4.477121255
1160,13-15,20000,4.301029996
1163,13-15,25000,4.397940009
1166,13-15,20609,4.314056919
1169,12,130000,5.113943352
1176,16,77000,4.886490725
1179,12,35000,4.544068044
1181,13-15,150000,5.176091259
1182,>16,48000,4.681241237
1184,16,95000,4.977723605
1185,>16,268384,5.428756621
1186,16,140000,5.146128036
1187,>16,39000,4.591064607
1188,13-15,130000,5.113943352
1200,16,9000,3.954242509
1208,>16,120000,5.079181246
1221,12,16200,4.209515015
1222,12,38000,4.579783597
1223,13-15,15000,4.176091259
1224,13-15,12000,4.079181246
1233,13-15,42000,4.62324929
1237,12,24000,4.380211242
1238,13-15,62000,4.792391689
1240,>16,52000,4.716003344
1247,12,8000,3.903089987
1249,12,80000,4.903089987
1250,12,17000,4.230448921
1251,12,31000,4.491361694
1252,>16,16000,4.204119983
1253,12,21600,4.334453751
1255,>16,87000,4.939519253
1256,13-15,50000,4.698970004
1257,12,23000,4.361727836
1258,13-15,3000,3.477121255
1260,<12,35000,4.544068044
1261,13-15,50000,4.698970004
1268,16,90000,4.954242509
1272,12,39000,4.591064607
1273,13-15,24000,4.380211242
1276,16,46000,4.662757832
1279,13-15,24000,4.380211242
1286,16,32000,4.505149978
1287,13-15,50000,4.698970004
1288,13-15,21000,4.322219295
1290,13-15,36000,4.556302501
1291,13-15,16000,4.204119983
1293,16,36000,4.556302501
1294,13-15,209138,5.320432951
1301,13-15,25000,4.397940009
1311,16,130000,5.113943352
1312,12,18000,4.255272505
1315,13-15,257286,5.410416155
1318,<12,37000,4.568201724
1319,12,43000,4.633468456
1320,13-15,78000,4.892094603
1321,13-15,56000,4.748188027
1323,>16,42000,4.62324929
1325,16,80000,4.903089987
1327,12,53000,4.72427587
1338,13-15,42000,4.62324929
1344,>16,72000,4.857332496
1347,16,157280,5.1966735
1351,12,13000,4.113943352
1353,12,20000,4.301029996
1357,12,38000,4.579783597
1359,>16,40000,4.602059991
1360,12,27000,4.431363764
1362,>16,70000,4.84509804
1366,12,29800,4.474216264
1367,16,16000,4.204119983
1368,16,39000,4.591064607
1374,16,15700,4.195899652
1383,12,80000,4.903089987
1384,12,26000,4.414973348
1385,13-15,34000,4.531478917
1386,12,52000,4.716003344
1393,13-15,79000,4.897627091
1394,16,62000,4.792391689
1395,>16,63000,4.799340549
1397,12,45000,4.653212514
1399,13-15,45000,4.653212514
1411,13-15,16000,4.204119983
1413,<12,19000,4.278753601
1416,12,12000,4.079181246
1417,12,31000,4.491361694
1418,12,41000,4.612783857
1419,12,22000,4.342422681
1425,12,38000,4.579783597
1426,12,38685,4.587542601
1429,16,30000,4.477121255
1432,16,42000,4.62324929
1433,>16,50000,4.698970004
1434,<12,31980,4.504878459
1436,<12,10000,4
1438,12,27000,4.431363764
1440,13-15,22000,4.342422681
1455,<12,25000,4.397940009
1459,13-15,40000,4.602059991
1462,12,28600,4.456366033
1468,12,29000,4.462397998
1470,>16,35000,4.544068044
1471,<12,50000,4.698970004
1477,16,70000,4.84509804
1479,>16,100000,5
1481,16,71000,4.851258349
1484,13-15,40000,4.602059991
1487,13-15,45000,4.653212514
1490,12,25000,4.397940009
1491,13-15,39000,4.591064607
1492,13-15,45000,4.653212514
1493,12,245549,5.39013817
1495,12,15000,4.176091259
1499,12,16000,4.204119983
1500,12,50000,4.698970004
1501,>16,60000,4.77815125
1502,16,12000,4.079181246
1503,>16,58000,4.763427994
1506,12,42000,4.62324929
1507,12,22000,4.342422681
1508,13-15,35000,4.544068044
1509,>16,25000,4.397940009
1510,16,26000,4.414973348
1512,13-15,15000,4.176091259
1514,13-15,51000,4.707570176
1515,12,67000,4.826074803
1516,12,23300,4.367355921
1521,12,41000,4.612783857
1522,16,51300,4.710117365
1527,12,28000,4.447158031
1529,13-15,23000,4.361727836
1530,13-15,28000,4.447158031
1531,12,26000,4.414973348
1532,12,17407,4.240723929
1534,12,52000,4.716003344
1538,>16,45000,4.653212514
1539,12,30000,4.477121255
1541,12,41400,4.617000341
1547,<12,85000,4.929418926
1548,<12,4000,3.602059991
1551,12,19000,4.278753601
1552,16,9200,3.963787827
1553,12,40000,4.602059991
1554,12,59000,4.770852012
1555,13-15,28352,4.4525837
1556,12,32176,4.507532053
1558,13-15,12000,4.079181246
1560,12,19000,4.278753601
1564,16,3400,3.531478917
1566,13-15,39100,4.592176757
1568,13-15,6000,3.77815125
1569,16,63000,4.799340549
1571,13-15,45000,4.653212514
1574,16,47000,4.672097858
1575,13-15,171551,5.234393254
1577,12,59000,4.770852012
1580,12,56000,4.748188027
1585,12,60000,4.77815125
1586,13-15,54000,4.73239376
1587,16,27300,4.436162647
1590,12,16000,4.204119983
1591,12,7000,3.84509804
1592,12,10000,4
1593,12,17000,4.230448921
1595,12,120000,5.079181246
1597,12,52000,4.716003344
1598,13-15,35000,4.544068044
1599,12,24000,4.380211242
1601,16,368302,5.566204077
1602,12,90000,4.954242509
1603,>16,20000,4.301029996
1605,12,40000,4.602059991
1607,12,19200,4.283301229
1608,12,11040,4.042969073
1610,12,18000,4.255272505
1617,12,20000,4.301029996
1619,>16,65000,4.812913357
1621,>16,35942,4.55560224
1622,16,60000,4.77815125
1626,16,73000,4.86332286
1627,12,20000,4.301029996
1629,12,100000,5
1631,16,85000,4.929418926
1632,>16,100035,5.000151976
1633,>16,100000,5
1635,12,40000,4.602059991
1636,12,56000,4.748188027
1637,12,15000,4.176091259
1640,12,48000,4.681241237
1641,12,110000,5.041392685
1642,13-15,75000,4.875061263
1644,13-15,9400,3.973127854
1651,12,153334,5.185638465
1656,12,33000,4.51851394
1659,13-15,26000,4.414973348
1670,16,105000,5.021189299
1719,>16,60000,4.77815125
1720,13-15,45000,4.653212514
1721,12,80000,4.903089987
1725,<12,25000,4.397940009
1729,12,24000,4.380211242
1730,>16,52000,4.716003344
1733,16,115000,5.06069784
1735,>16,3000,3.477121255
1739,13-15,10000,4
1740,16,19000,4.278753601
1744,13-15,60000,4.77815125
1746,>16,116000,5.064457989
1750,12,44000,4.643452676
1751,13-15,35000,4.544068044
1758,13-15,13000,4.113943352
1763,16,22000,4.342422681
1766,16,12000,4.079181246
1768,12,8000,3.903089987
1769,12,29515,4.470042788
1775,13-15,34000,4.531478917
1778,13-15,8000,3.903089987
1779,<12,74000,4.86923172
1780,13-15,40000,4.602059991
1781,13-15,100000,5
1784,13-15,45000,4.653212514
1785,13-15,29000,4.462397998
1786,12,46800,4.670245853
1787,>16,52000,4.716003344
1788,12,56856,4.754776302
1790,12,34000,4.531478917
1792,13-15,15000,4.176091259
1795,>16,108888,5.036980021
1797,<12,3040,3.482873584
1798,13-15,27100,4.432969291
1802,12,27915,4.445837632
1803,>16,36000,4.556302501
1804,>16,12000,4.079181246
1808,16,125000,5.096910013
1810,13-15,155867,5.192754177
1819,13-15,29000,4.462397998
1820,<12,8000,3.903089987
1824,<12,19000,4.278753601
1826,12,45000,4.653212514
1831,13-15,64000,4.806179974
1835,12,40000,4.602059991
1836,13-15,50000,4.698970004
1837,13-15,32000,4.505149978
1838,12,17000,4.230448921
1839,12,18000,4.255272505
1841,>16,85000,4.929418926
1844,>16,188404,5.275090119
1846,>16,192896,5.285323222
1847,13-15,68000,4.832508913
1848,13-15,46000,4.662757832
1858,>16,68000,4.832508913
1860,12,29000,4.462397998
1862,12,900,2.954242509
1863,12,20000,4.301029996
1865,12,28000,4.447158031
1866,12,25000,4.397940009
1867,12,52000,4.716003344
1868,13-15,26500,4.423245874
1869,12,14000,4.146128036
1872,12,35000,4.544068044
1873,12,22000,4.342422681
1875,>16,130000,5.113943352
1878,12,8000,3.903089987
1880,>16,30000,4.477121255
1881,12,40000,4.602059991
1884,12,12500,4.096910013
1885,16,35000,4.544068044
1887,12,11000,4.041392685
1889,13-15,35675,4.552363982
1890,12,18000,4.255272505
1891,12,26800,4.428134794
1895,13-15,83000,4.919078092
1896,>16,28000,4.447158031
1899,12,32000,4.505149978
1902,12,40574,4.608247825
1904,12,26000,4.414973348
1905,12,45000,4.653212514
1906,>16,25000,4.397940009
1910,12,55000,4.740362689
1912,13-15,25000,4.397940009
1913,13-15,14103,4.149311506
1914,>16,48000,4.681241237
1916,>16,74481,4.872045499
1917,12,48000,4.681241237
1918,12,68000,4.832508913
1920,13-15,2000,3.301029996
1924,16,65000,4.812913357
1925,12,44000,4.643452676
1926,12,16000,4.204119983
1927,12,21455,4.331528519
1929,13-15,81000,4.908485019
1930,16,45000,4.653212514
1944,13-15,86000,4.934498451
1947,12,16000,4.204119983
1950,16,22000,4.342422681
1951,>16,42000,4.62324929
1952,>16,85000,4.929418926
1953,>16,24000,4.380211242
1954,16,4000,3.602059991
1955,13-15,60000,4.77815125
1957,12,47000,4.672097858
1958,13-15,45000,4.653212514
1959,12,36000,4.556302501
1961,12,100000,5
1962,12,25000,4.397940009
1963,12,67000,4.826074803
1964,12,30000,4.477121255
1965,12,25000,4.397940009
1966,12,42000,4.62324929
1967,16,40000,4.602059991
1971,12,65000,4.812913357
1975,12,41000,4.612783857
1976,16,36000,4.556302501
1977,12,50000,4.698970004
1978,13-15,48000,4.681241237
1985,12,25000,4.397940009
1986,13-15,23000,4.361727836
1988,12,46000,4.662757832
1990,12,26000,4.414973348
1992,13-15,68000,4.832508913
1994,13-15,28000,4.447158031
1995,13-15,3000,3.477121255
1996,12,32000,4.505149978
1998,12,9724,3.98784495
1999,>16,46000,4.662757832
2002,12,12000,4.079181246
2003,12,8000,3.903089987
2005,16,78000,4.892094603
2007,13-15,143000,5.155336037
2010,>16,12000,4.079181246
2011,13-15,25000,4.397940009
2012,12,32000,4.505149978
2013,12,9200,3.963787827
2014,12,27000,4.431363764
2018,12,27640,4.441538039
2020,12,26000,4.414973348
2024,13-15,65000,4.812913357
2027,>16,9000,3.954242509
2029,>16,135000,5.130333768
2030,>16,5500,3.740362689
2031,<12,36000,4.556302501
2032,12,32000,4.505149978
2033,12,157117,5.196223178
2034,16,52000,4.716003344
2035,12,25000,4.397940009
2037,>16,2700,3.431363764
2038,>16,162919,5.211971736
2040,13-15,14969,4.175192788
2041,13-15,20000,4.301029996
2042,>16,6000,3.77815125
2045,12,30000,4.477121255
2046,12,24000,4.380211242
2047,13-15,55000,4.740362689
2049,16,33000,4.51851394
2051,<12,20000,4.301029996
2055,12,30000,4.477121255
2056,16,135000,5.130333768
2057,13-15,9000,3.954242509
2061,16,50000,4.698970004
2062,>16,110000,5.041392685
2066,12,29000,4.462397998
2067,12,60000,4.77815125
2068,16,35000,4.544068044
2070,12,60000,4.77815125
2071,13-15,1000,3
2072,12,4000,3.602059991
2073,12,22000,4.342422681
2074,12,58000,4.763427994
2075,12,66000,4.819543936
2076,12,39144,4.592665203
2079,12,28000,4.447158031
2080,12,17000,4.230448921
2081,12,46000,4.662757832
2083,16,26000,4.414973348
2086,12,27000,4.431363764
2087,12,40000,4.602059991
2088,13-15,30000,4.477121255
2089,12,40000,4.602059991
2090,12,37000,4.568201724
2093,12,48000,4.681241237
2094,12,29000,4.462397998
2096,16,92000,4.963787827
2097,12,71000,4.851258349
2099,13-15,62000,4.792391689
2100,12,52000,4.716003344
2101,12,90000,4.954242509
2102,12,24000,4.380211242
2104,12,34500,4.537819095
2106,12,52000,4.716003344
2107,13-15,5100,3.707570176
2113,>16,100000,5
2119,13-15,9000,3.954242509
2120,13-15,4000,3.602059991
2122,12,26000,4.414973348
2123,>16,33600,4.526339277
2124,16,115000,5.06069784
2126,>16,42000,4.62324929
2132,13-15,104000,5.017033339
2133,13-15,39400,4.595496222
2134,<12,10000,4
2135,12,70000,4.84509804
2136,>16,34500,4.537819095
2138,12,36000,4.556302501
2140,12,55000,4.740362689
2144,16,57000,4.755874856
2145,13-15,50000,4.698970004
2146,12,14000,4.146128036
2147,13-15,34000,4.531478917
2148,13-15,16557,4.218981649
2152,12,28000,4.447158031
2153,12,12000,4.079181246
2156,12,40500,4.607455023
2157,12,24000,4.380211242
2158,12,3600,3.556302501
2159,16,70000,4.84509804
2163,13-15,60000,4.77815125
2164,>16,69000,4.838849091
2165,12,12000,4.079181246
2167,16,48000,4.681241237
2168,16,57600,4.760422483
2169,13-15,57000,4.755874856
2172,13-15,63000,4.799340549
2173,12,52000,4.716003344
2178,16,44000,4.643452676
2180,12,40000,4.602059991
2182,12,65000,4.812913357
2187,13-15,90000,4.954242509
2188,13-15,36000,4.556302501
2190,13-15,18000,4.255272505
2194,<12,30000,4.477121255
2196,12,5280,3.722633923
2200,>16,65000,4.812913357
2201,12,32000,4.505149978
2202,16,35000,4.544068044
2203,12,22500,4.352182518
2204,13-15,26074,4.416207661
2205,13-15,52000,4.716003344
2207,13-15,30000,4.477121255
2208,12,25000,4.397940009
2209,13-15,36000,4.556302501
2214,13-15,11000,4.041392685
2216,12,43000,4.633468456
2218,16,70000,4.84509804
2220,16,82000,4.913813852
2222,16,46000,4.662757832
2223,12,55000,4.740362689
2224,<12,5000,3.698970004
2225,12,56000,4.748188027
2227,12,28263,4.451218259
2229,12,33000,4.51851394
2230,16,40000,4.602059991
2237,>16,64000,4.806179974
2243,16,30000,4.477121255
2247,12,58000,4.763427994
2250,12,20000,4.301029996
2251,12,7225,3.858837851
2254,<12,30000,4.477121255
2255,<12,45000,4.653212514
2261,12,32000,4.505149978
2264,12,13000,4.113943352
2265,13-15,15000,4.176091259
2266,12,15000,4.176091259
2270,12,15000,4.176091259
2271,12,13000,4.113943352
2278,13-15,49000,4.69019608
2284,13-15,50000,4.698970004
2285,>16,55000,4.740362689
2286,16,26000,4.414973348
2291,16,60200,4.779596491
2299,16,47000,4.672097858
2301,16,71500,4.854306042
2302,>16,112000,5.049218023
2304,12,50000,4.698970004
2313,12,25000,4.397940009
2314,12,50000,4.698970004
2316,12,30000,4.477121255
2318,<12,43000,4.633468456
2322,12,46000,4.662757832
2323,16,100000,5
2324,16,102000,5.008600172
2326,12,44000,4.643452676
2327,12,26000,4.414973348
2328,16,31000,4.491361694
2329,16,40000,4.602059991
2332,13-15,26524,4.423639019
2333,13-15,85000,4.929418926
2334,12,37500,4.574031268
2337,13-15,35650,4.552059534
2339,>16,235236,5.371503786
2341,13-15,68000,4.832508913
2344,13-15,44000,4.643452676
2348,<12,14560,4.163161375
2360,>16,18500,4.267171728
2361,12,99000,4.995635195
2372,16,65000,4.812913357
2375,13-15,80000,4.903089987
2376,13-15,60000,4.77815125
2380,12,22000,4.342422681
2382,13-15,40000,4.602059991
2383,12,8500,3.929418926
2385,13-15,62000,4.792391689
2386,13-15,68000,4.832508913
2394,12,60000,4.77815125
2396,12,13986,4.145693524
2398,<12,32000,4.505149978
2400,12,24024,4.380645319
2401,12,48000,4.681241237
2403,<12,18000,4.255272505
2404,12,28800,4.459392488
2410,13-15,13000,4.113943352
2412,12,15000,4.176091259
2413,12,40000,4.602059991
2415,13-15,55000,4.740362689
2417,13-15,42500,4.62838893
2418,12,35000,4.544068044
2419,<12,55000,4.740362689
2420,12,7500,3.875061263
2425,12,35000,4.544068044
2426,13-15,8200,3.913813852
2427,12,75000,4.875061263
2434,12,20000,4.301029996
2435,12,35000,4.544068044
2436,12,78000,4.892094603
2437,13-15,125000,5.096910013
2438,>16,90000,4.954242509
2439,12,32000,4.505149978
2442,>16,79000,4.897627091
2443,13-15,36000,4.556302501
2444,16,50000,4.698970004
2447,13-15,37770,4.577146985
2450,12,14750,4.16879202
2451,12,23100,4.36361198
2452,12,30000,4.477121255
2459,12,4560,3.658964843
2460,12,10875,4.036429266
2461,>16,61000,4.785329835
2462,<12,18420,4.265289626
2464,13-15,185950,5.269396183
2466,<12,22000,4.342422681
2470,12,46500,4.667452953
2471,12,20000,4.301029996
2473,12,42000,4.62324929
2474,13-15,10574,4.024239306
2475,12,56000,4.748188027
2477,13-15,33000,4.51851394
2478,12,20376,4.309118932
2479,12,25000,4.397940009
2483,12,29000,4.462397998
2485,<12,18000,4.255272505
2489,13-15,30000,4.477121255
2494,16,72000,4.857332496
2523,13-15,48000,4.681241237
2526,>16,80000,4.903089987
2527,12,60000,4.77815125
2528,12,6000,3.77815125
2529,12,5000,3.698970004
2530,12,27000,4.431363764
2535,12,41000,4.612783857
2537,12,13100,4.117271296
2539,12,38000,4.579783597
2540,12,25000,4.397940009
2541,12,70000,4.84509804
2542,13-15,12800,4.10720997
2544,16,98000,4.991226076
2545,16,103000,5.012837225
2547,12,52000,4.716003344
2549,>16,38000,4.579783597
2550,16,36660,4.564192461
2551,16,39500,4.596597096
2552,16,33500,4.525044807
2553,12,39800,4.599883072
2556,12,19000,4.278753601
2557,16,96000,4.982271233
2558,>16,61000,4.785329835
2559,13-15,49000,4.69019608
2564,12,16000,4.204119983
2565,16,44000,4.643452676
2566,13-15,32000,4.505149978
2568,13-15,25000,4.397940009
2569,>16,24000,4.380211242
2570,16,15300,4.184691431
2572,16,70500,4.848189117
2574,12,32000,4.505149978
2578,12,22000,4.342422681
2579,12,26350,4.42078062
2582,12,34000,4.531478917
2584,12,44000,4.643452676
2585,13-15,56000,4.748188027
2587,<12,25500,4.40654018
2588,>16,70000,4.84509804
2589,>16,125000,5.096910013
2590,16,60000,4.77815125
2591,12,34000,4.531478917
2592,12,22800,4.357934847
2594,12,62000,4.792391689
2602,13-15,37000,4.568201724
2603,>16,41000,4.612783857
2606,16,51000,4.707570176
2607,16,35000,4.544068044
2610,12,25000,4.397940009
2613,13-15,40000,4.602059991
2614,12,50000,4.698970004
2615,12,17000,4.230448921
2616,13-15,95000,4.977723605
2620,13-15,59500,4.774516966
2622,>16,33000,4.51851394
2626,>16,38000,4.579783597
2628,>16,8000,3.903089987
2629,12,39264,4.593994541
2630,>16,70000,4.84509804
2633,16,92000,4.963787827
2636,>16,40500,4.607455023
2637,16,48000,4.681241237
2642,>16,68000,4.832508913
2646,>16,90000,4.954242509
2647,13-15,220904,5.34420358
2649,>16,37000,4.568201724
2650,12,15000,4.176091259
2651,12,3983,3.600210306
2652,12,31658,4.500483475
2653,<12,20000,4.301029996
2654,12,20000,4.301029996
2655,<12,5300,3.72427587
2658,12,8000,3.903089987
2659,12,2000,3.301029996
2661,<12,18674,4.271237354
2665,12,24000,4.380211242
2666,<12,13700,4.136720567
2669,12,5000,3.698970004
2670,12,23500,4.371067862
2672,12,11000,4.041392685
2675,<12,17000,4.230448921
2676,<12,27000,4.431363764
2677,13-15,22000,4.342422681
2679,12,3890,3.589949601
2682,12,12000,4.079181246
2683,<12,30000,4.477121255
2684,>16,40000,4.602059991
2685,>16,58000,4.763427994
2688,13-15,32000,4.505149978
2689,12,30000,4.477121255
2690,12,28000,4.447158031
2694,13-15,25000,4.397940009
2695,>16,80000,4.903089987
2696,13-15,46000,4.662757832
2698,<12,6000,3.77815125
2699,12,8000,3.903089987
2701,16,88000,4.944482672
2702,16,91500,4.961421094
2703,16,125000,5.096910013
2705,<12,14000,4.146128036
2706,12,36500,4.562292864
2707,12,24000,4.380211242
2708,12,25000,4.397940009
2709,12,16257,4.211040406
2710,12,26000,4.414973348
2711,12,30620,4.486005186
2714,16,45000,4.653212514
2716,<12,35000,4.544068044
2723,16,62000,4.792391689
2724,>16,167252,5.22337132
2725,13-15,26000,4.414973348
2727,13-15,30500,4.484299839
2728,<12,50000,4.698970004
2729,12,7000,3.84509804
2730,16,10000,4
2732,12,33955,4.530903735
2736,13-15,27000,4.431363764
2744,13-15,4000,3.602059991
2745,12,28000,4.447158031
2746,13-15,30000,4.477121255
2747,<12,9984,3.999304572
2748,12,25000,4.397940009
2760,12,26000,4.414973348
2765,13-15,72000,4.857332496
2767,13-15,33000,4.51851394
2770,16,57000,4.755874856
2771,16,10000,4
2772,12,21000,4.322219295
2773,13-15,34000,4.531478917
2774,13-15,60000,4.77815125
2775,12,19500,4.290034611
2780,12,32000,4.505149978
2781,12,18000,4.255272505
2797,12,50000,4.698970004
2800,>16,35000,4.544068044
2803,13-15,58000,4.763427994
2804,16,52000,4.716003344
2809,>16,15000,4.176091259
2810,12,8000,3.903089987
2811,12,25000,4.397940009
2813,16,75000,4.875061263
2815,13-15,35000,4.544068044
2816,12,82000,4.913813852
2823,>16,50000,4.698970004
2829,12,32000,4.505149978
2830,12,19000,4.278753601
2832,12,48000,4.681241237
2838,16,69500,4.841984805
2839,13-15,71000,4.851258349
2840,>16,88000,4.944482672
2841,13-15,50000,4.698970004
2842,13-15,94000,4.973127854
2845,>16,70000,4.84509804
2847,>16,48000,4.681241237
2848,16,19285,4.285219643
2851,>16,357310,5.553045171
2852,12,33000,4.51851394
2856,13-15,16000,4.204119983
2858,12,56000,4.748188027
2861,>16,124000,5.093421685
2863,12,40000,4.602059991
2864,12,22000,4.342422681
2866,13-15,120000,5.079181246
2867,<12,10000,4
2868,16,74000,4.86923172
2870,>16,126000,5.100370545
2871,>16,80000,4.903089987
2877,13-15,45000,4.653212514
2894,16,166924,5.222518783
2895,16,194031,5.287871122
2896,>16,162733,5.211475631
2899,16,30000,4.477121255
2900,>16,500,2.698970004
2902,>16,33000,4.51851394
2906,>16,85000,4.929418926
2910,>16,35000,4.544068044
2911,12,2000,3.301029996
2912,12,15000,4.176091259
2913,13-15,42000,4.62324929
2920,12,75000,4.875061263
2921,12,60000,4.77815125
2928,16,10088,4.003805074
2929,>16,46000,4.662757832
2930,16,32000,4.505149978
2936,>16,40000,4.602059991
2939,13-15,65000,4.812913357
2941,>16,180621,5.256768242
2942,13-15,10372,4.015862508
2944,12,32000,4.505149978
2946,16,62000,4.792391689
2948,16,12500,4.096910013
2949,16,20000,4.301029996
2950,16,93000,4.968482949
2952,13-15,35000,4.544068044
2953,<12,85000,4.929418926
2957,>16,35000,4.544068044
2959,>16,110000,5.041392685
2961,>16,68000,4.832508913
2962,16,140000,5.146128036
2971,<12,2100,3.322219295
2974,12,89000,4.949390007
2975,13-15,42000,4.62324929
2976,12,53000,4.72427587
2977,12,40000,4.602059991
2978,12,9000,3.954242509
2980,>16,170,2.230448921
2981,13-15,18300,4.26245109
2984,16,359118,5.555237174
2985,16,100000,5
2988,16,100000,5
2990,12,5000,3.698970004
2991,16,45000,4.653212514
2994,12,97200,4.987666265
2995,12,24000,4.380211242
2996,13-15,60000,4.77815125
2997,12,74000,4.86923172
2998,12,42000,4.62324929
3016,16,85000,4.929418926
3019,>16,85000,4.929418926
3020,12,10800,4.033423755
3023,12,30000,4.477121255
3024,13-15,85000,4.929418926
3025,13-15,1500,3.176091259
3030,<12,28500,4.45484486
3033,>16,150000,5.176091259
3035,12,30000,4.477121255
3036,12,52000,4.716003344
3037,12,72000,4.857332496
3039,12,65000,4.812913357
3041,13-15,12000,4.079181246
3046,12,30000,4.477121255
3047,13-15,7200,3.857332496
3050,<12,60000,4.77815125
3051,12,17000,4.230448921
3054,12,15000,4.176091259
3055,12,30000,4.477121255
3057,12,18000,4.255272505
3058,13-15,77000,4.886490725
3062,16,282588,5.451153716
3065,12,25000,4.397940009
3077,12,70000,4.84509804
3079,12,30000,4.477121255
3081,12,37000,4.568201724
3082,12,25000,4.397940009
3084,16,183223,5.26297999
3085,16,25000,4.397940009
3089,13-15,13000,4.113943352
3090,12,31600,4.499687083
3091,13-15,41000,4.612783857
3094,12,2200,3.342422681
3095,12,18000,4.255272505
3100,12,50000,4.698970004
3107,13-15,22000,4.342422681
3109,>16,58000,4.763427994
3111,>16,43000,4.633468456
3112,>16,105000,5.021189299
3113,12,40000,4.602059991
3117,13-15,87000,4.939519253
3118,12,28000,4.447158031
3120,13-15,1200,3.079181246
3127,12,22000,4.342422681
3134,12,6000,3.77815125
3137,>16,120000,5.079181246
3138,12,50000,4.698970004
3140,13-15,73000,4.86332286
3141,16,80000,4.903089987
3142,>16,106000,5.025305865
3143,16,53000,4.72427587
3145,16,5000,3.698970004
3146,>16,62000,4.792391689
3150,16,138000,5.139879086
3151,12,47000,4.672097858
3153,16,151083,5.1792156
3154,16,10000,4
3157,16,60000,4.77815125
3159,16,40000,4.602059991
3161,13-15,30000,4.477121255
3163,12,34000,4.531478917
3168,>16,115000,5.06069784
3170,>16,268323,5.428657901
3171,>16,152840,5.184237029
3173,>16,125000,5.096910013
3177,12,55000,4.740362689
3192,12,28000,4.447158031
3194,12,40000,4.602059991
3195,12,48000,4.681241237
3196,12,72000,4.857332496
3197,12,31500,4.498310554
3198,>16,53600,4.72916479
3199,12,29500,4.469822016
3201,13-15,32000,4.505149978
3205,16,90000,4.954242509
3208,16,135000,5.130333768
3215,12,40000,4.602059991
3218,13-15,6000,3.77815125
3219,13-15,72000,4.857332496
3221,12,67000,4.826074803
3224,>16,130000,5.113943352
3225,13-15,6700,3.826074803
3230,<12,80000,4.903089987
3231,13-15,41600,4.619093331
3232,13-15,27000,4.431363764
3234,13-15,30000,4.477121255
3235,12,26000,4.414973348
3236,12,3000,3.477121255
3237,13-15,42000,4.62324929
3238,>16,28000,4.447158031
3239,>16,30000,4.477121255
3240,>16,46000,4.662757832
3242,12,9000,3.954242509
3243,16,50000,4.698970004
3244,>16,24000,4.380211242
3246,12,49400,4.693726949
3249,13-15,25000,4.397940009
3250,13-15,12000,4.079181246
3252,12,29000,4.462397998
3254,12,26800,4.428134794
3256,>16,80000,4.903089987
3257,>16,75000,4.875061263
3263,16,89000,4.949390007
3266,16,250,2.397940009
3267,12,23000,4.361727836
3269,13-15,17000,4.230448921
3273,12,24000,4.380211242
3277,12,60000,4.77815125
3278,>16,147,2.167317335
3281,13-15,37000,4.568201724
3282,13-15,52000,4.716003344
3284,13-15,113000,5.053078443
3285,12,30000,4.477121255
3287,13-15,1800,3.255272505
3289,16,140000,5.146128036
3290,>16,150000,5.176091259
3303,16,18000,4.255272505
3307,13-15,20000,4.301029996
3308,13-15,20000,4.301029996
3309,>16,54000,4.73239376
3310,12,32000,4.505149978
3311,<12,25000,4.397940009
3312,13-15,24000,4.380211242
3319,<12,6000,3.77815125
3321,<12,21000,4.322219295
3324,12,96000,4.982271233
3325,12,300,2.477121255
3329,12,45000,4.653212514
3330,13-15,145000,5.161368002
3331,13-15,32000,4.505149978
3337,>16,89000,4.949390007
3338,16,2000,3.301029996
3341,>16,39000,4.591064607
3343,<12,19968,4.300334568
3346,12,58000,4.763427994
3347,12,40000,4.602059991
3350,13-15,10000,4
3352,16,1200,3.079181246
3353,12,44000,4.643452676
3354,13-15,10000,4
3355,13-15,50000,4.698970004
3356,13-15,2000,3.301029996
3357,>16,150490,5.177507642
3359,13-15,45000,4.653212514
3360,16,32000,4.505149978
3361,>16,703637,5.847348668
3374,12,68000,4.832508913
3375,13-15,50000,4.698970004
3376,>16,73000,4.86332286
3378,16,8220,3.914871818
3379,>16,99000,4.995635195
3380,13-15,900,2.954242509
3381,12,125000,5.096910013
3387,16,45000,4.653212514
3389,12,60000,4.77815125
3390,>16,80000,4.903089987
3391,>16,30824,4.488888996
3392,13-15,45000,4.653212514
3393,>16,25000,4.397940009
3394,>16,85000,4.929418926
3397,12,13000,4.113943352
3401,13-15,32000,4.505149978
3403,12,120000,5.079181246
3405,13-15,43500,4.638489257
3406,>16,38500,4.58546073
3410,16,65000,4.812913357
3413,12,36000,4.556302501
3417,12,8000,3.903089987
3418,12,46000,4.662757832
3420,13-15,72000,4.857332496
3421,13-15,105000,5.021189299
3422,>16,2000,3.301029996
3423,16,27000,4.431363764
3424,13-15,33000,4.51851394
3425,13-15,77000,4.886490725
3429,16,200,2.301029996
3431,>16,171428,5.234081758
3432,13-15,24626,4.391393875
3433,16,4000,3.602059991
3436,<12,8000,3.903089987
3438,<12,14000,4.146128036
3440,<12,61000,4.785329835
3444,12,19200,4.283301229
3452,12,20000,4.301029996
3455,12,61200,4.786751422
3456,12,10000,4
3457,13-15,26000,4.414973348
3458,13-15,28000,4.447158031
3463,16,57000,4.755874856
3464,16,96000,4.982271233
3465,12,35000,4.544068044
3466,16,60000,4.77815125
3467,12,17000,4.230448921
3468,13-15,72000,4.857332496
3471,12,40000,4.602059991
3475,12,26000,4.414973348
3477,13-15,18520,4.267640982
3479,12,80000,4.903089987
3481,13-15,47000,4.672097858
3482,13-15,65000,4.812913357
3487,12,39000,4.591064607
3491,12,13000,4.113943352
3492,12,47000,4.672097858
3493,12,40000,4.602059991
3494,13-15,87000,4.939519253
3495,12,80000,4.903089987
3496,13-15,24600,4.390935107
3497,13-15,77000,4.886490725
3502,12,41000,4.612783857
3503,12,88000,4.944482672
3505,13-15,67000,4.826074803
3506,16,18000,4.255272505
3508,12,18000,4.255272505
3511,12,16000,4.204119983
3513,12,27000,4.431363764
3514,12,24000,4.380211242
3515,>16,97000,4.986771734
3521,13-15,44000,4.643452676
3522,12,500,2.698970004
3524,13-15,52000,4.716003344
3527,12,3800,3.579783597
3530,16,62000,4.792391689
3531,13-15,11000,4.041392685
3533,13-15,135000,5.130333768
3535,>16,82376,4.9158007
3537,12,26000,4.414973348
3538,12,33900,4.530199698
3540,<12,37000,4.568201724
3543,12,18000,4.255272505
3544,12,3200,3.505149978
3545,13-15,31000,4.491361694
3546,13-15,65000,4.812913357
3547,13-15,35000,4.544068044
3548,13-15,40000,4.602059991
3549,12,1500,3.176091259
3550,12,25000,4.397940009
3551,16,65000,4.812913357
3552,13-15,38000,4.579783597
3553,12,55000,4.740362689
3554,<12,38000,4.579783597
3558,>16,96000,4.982271233
3559,12,60000,4.77815125
3561,12,42000,4.62324929
3562,12,5000,3.698970004
3563,12,34000,4.531478917
3565,12,36000,4.556302501
3567,13-15,2760,3.440909082
3569,12,42000,4.62324929
3570,<12,56000,4.748188027
3572,<12,14000,4.146128036
3574,12,47000,4.672097858
3575,12,56000,4.748188027
3579,12,45000,4.653212514
3580,12,36000,4.556302501
3581,16,129000,5.11058971
3582,>16,150000,5.176091259
3583,>16,100000,5
3584,12,16000,4.204119983
3585,16,159168,5.201855759
3587,13-15,43000,4.633468456
3588,>16,60000,4.77815125
3589,12,50987,4.707459459
3591,12,4471,3.65040467
3592,12,56000,4.748188027
3597,13-15,7000,3.84509804
3600,12,60000,4.77815125
3601,16,40000,4.602059991
3606,13-15,35000,4.544068044
3607,<12,16000,4.204119983
3608,16,69000,4.838849091
3609,13-15,39000,4.591064607
3610,13-15,7900,3.897627091
3611,12,15000,4.176091259
3614,>16,10180,4.007747778
3616,12,35000,4.544068044
3617,16,89000,4.949390007
3619,>16,32500,4.511883361
3620,12,32000,4.505149978
3623,16,35000,4.544068044
3625,16,26000,4.414973348
3628,>16,189210,5.276944086
3640,12,21000,4.322219295
3641,>16,51000,4.707570176
3643,>16,38000,4.579783597
3649,12,29400,4.46834733
3650,12,32000,4.505149978
3651,16,65000,4.812913357
3657,<12,38000,4.579783597
3660,12,23400,4.369215857
3661,13-15,4500,3.653212514
3664,>16,68000,4.832508913
3666,13-15,36000,4.556302501
3667,13-15,6360,3.803457116
3669,16,10000,4
3676,16,74000,4.86923172
3677,16,60000,4.77815125
3679,13-15,85000,4.929418926
3686,16,69000,4.838849091
3690,>16,138000,5.139879086
3693,<12,30000,4.477121255
3694,12,56000,4.748188027
3697,12,5000,3.698970004
3699,12,20477,4.31126633
3705,13-15,45000,4.653212514
3706,13-15,42000,4.62324929
3708,12,144000,5.158362492
3709,16,30000,4.477121255
3714,13-15,25000,4.397940009
3718,13-15,28013,4.447359621
3719,12,29000,4.462397998
3721,12,52000,4.716003344
3722,12,55000,4.740362689
3723,12,16000,4.204119983
3725,13-15,23000,4.361727836
3730,13-15,25275,4.402691164
3732,12,36000,4.556302501
3734,13-15,30000,4.477121255
3735,12,60000,4.77815125
3736,12,49000,4.69019608
3737,12,58000,4.763427994
3738,12,18000,4.255272505
3739,12,16000,4.204119983
3740,12,20000,4.301029996
3741,12,9300,3.968482949
3742,<12,98000,4.991226076
3745,16,32089,4.506356183
3746,12,16390,4.214578954
3751,12,45000,4.653212514
3754,12,33000,4.51851394
3757,>16,95000,4.977723605
3758,13-15,11000,4.041392685
3760,12,33000,4.51851394
3766,13-15,78000,4.892094603
3770,12,52000,4.716003344
3771,>16,32253,4.508570117
3775,16,53000,4.72427587
3780,12,55000,4.740362689
3784,12,29000,4.462397998
3787,13-15,12000,4.079181246
3789,12,52000,4.716003344
3790,12,22049,4.343388897
3791,13-15,47000,4.672097858
3792,>16,88000,4.944482672
3793,13-15,55000,4.740362689
3794,13-15,30000,4.477121255
3796,12,34000,4.531478917
3800,>16,8000,3.903089987
3803,>16,69000,4.838849091
3804,>16,40000,4.602059991
3805,16,95000,4.977723605
3807,13-15,51000,4.707570176
3809,16,100000,5
3812,16,100000,5
3813,13-15,44000,4.643452676
3814,12,42000,4.62324929
3815,16,263445,5.42068996
3819,12,15000,4.176091259
3821,12,1500,3.176091259
3822,12,5000,3.698970004
3825,12,22000,4.342422681
3829,12,167803,5.224799721
3830,12,45000,4.653212514
3833,12,40000,4.602059991
3836,>16,110000,5.041392685
3837,12,35000,4.544068044
3838,12,85000,4.929418926
3844,13-15,65000,4.812913357
3845,12,24000,4.380211242
3846,12,52000,4.716003344
3847,12,67000,4.826074803
3850,12,32000,4.505149978
3851,12,16000,4.204119983
3852,12,14000,4.146128036
3854,>16,169884,5.230152478
3855,>16,16500,4.217483944
3860,>16,55000,4.740362689
3861,16,25000,4.397940009
3863,>16,157957,5.198538877
3865,>16,176431,5.246574896
3866,>16,35000,4.544068044
3867,13-15,1200,3.079181246
3868,>16,43450,4.637989781
3872,16,30000,4.477121255
3873,>16,50000,4.698970004
3874,16,519340,5.715451774
3875,16,92000,4.963787827
3883,13-15,45000,4.653212514
3884,16,74000,4.86923172
3886,>16,101000,5.004321374
3888,13-15,58000,4.763427994
3889,16,15000,4.176091259
3890,>16,150000,5.176091259
3892,16,102000,5.008600172
3894,>16,62000,4.792391689
3895,>16,20000,4.301029996
3897,>16,90000,4.954242509
3898,16,110000,5.041392685
3900,12,32000,4.505149978
3901,13-15,45000,4.653212514
3903,>16,5200,3.716003344
3904,>16,51000,4.707570176
3907,13-15,54000,4.73239376
3908,13-15,30000,4.477121255
3910,16,40000,4.602059991
3911,>16,29000,4.462397998
3912,13-15,80000,4.903089987
3916,>16,97000,4.986771734
3922,16,22000,4.342422681
3929,12,10000,4
3933,12,50000,4.698970004
3938,12,22000,4.342422681
3949,13-15,39000,4.591064607
3952,16,50000,4.698970004
3957,12,68000,4.832508913
3958,12,40000,4.602059991
3960,13-15,38000,4.579783597
3964,>16,39500,4.596597096
3965,13-15,108000,5.033423755
3966,>16,155485,5.191688498
3967,16,125000,5.096910013
3972,>16,28500,4.45484486
3977,12,600,2.77815125
3978,13-15,3000,3.477121255
3980,16,444624,5.647992901
3985,13-15,50000,4.698970004
3989,13-15,52000,4.716003344
3992,13-15,39900,4.600972896
3994,12,26000,4.414973348
3995,13-15,36000,4.556302501
3996,13-15,40000,4.602059991
4001,13-15,7800,3.892094603
4004,12,46000,4.662757832
4008,13-15,79000,4.897627091
4009,13-15,25000,4.397940009
4010,>16,50000,4.698970004
4013,12,36000,4.556302501
4014,12,62000,4.792391689
4015,13-15,22000,4.342422681
4019,>16,99000,4.995635195
4021,13-15,27300,4.436162647
4022,12,90000,4.954242509
4023,16,65000,4.812913357
4025,12,24000,4.380211242
4028,12,24500,4.389166084
4030,16,15000,4.176091259
4032,12,35000,4.544068044
4035,13-15,25000,4.397940009
4036,12,52000,4.716003344
4041,13-15,32000,4.505149978
4042,13-15,68000,4.832508913
4045,16,50000,4.698970004
4046,12,18000,4.255272505
4047,<12,2400,3.380211242
4048,12,25000,4.397940009
4049,12,90000,4.954242509
4051,13-15,1748,3.242541428
4053,>16,50000,4.698970004
4054,13-15,45000,4.653212514
4055,>16,206869,5.315695415
4056,16,50000,4.698970004
4057,16,35000,4.544068044
4060,13-15,6000,3.77815125
4062,12,52000,4.716003344
4064,12,20000,4.301029996
4065,12,9000,3.954242509
4067,12,30000,4.477121255
4068,<12,22000,4.342422681
4071,12,15000,4.176091259
4077,12,15000,4.176091259
4085,12,11000,4.041392685
4088,13-15,222924,5.348156827
4089,12,20000,4.301029996
4090,12,58000,4.763427994
4092,>16,42000,4.62324929
4093,>16,65000,4.812913357
4097,12,66000,4.819543936
4098,<12,38800,4.588831726
4103,12,36500,4.562292864
4105,12,3408,3.532499586
4106,16,62000,4.792391689
4107,>16,52000,4.716003344
4108,16,23900,4.378397901
4112,12,5700,3.755874856
4113,12,9600,3.982271233
4114,12,34000,4.531478917
4124,>16,61000,4.785329835
4128,12,40000,4.602059991
4129,13-15,45000,4.653212514
4130,12,32500,4.511883361
4131,13-15,50000,4.698970004
4141,12,6000,3.77815125
4142,12,20000,4.301029996
4145,12,25000,4.397940009
4147,16,32624,4.513537208
4148,13-15,49000,4.69019608
4153,13-15,75000,4.875061263
4156,<12,68000,4.832508913
4159,12,30000,4.477121255
4161,12,45000,4.653212514
4163,12,29000,4.462397998
4164,16,20000,4.301029996
4171,16,90000,4.954242509
4172,16,34900,4.542825427
4173,12,12500,4.096910013
4175,12,26000,4.414973348
4181,<12,15000,4.176091259
4184,12,25000,4.397940009
4191,>16,85300,4.930949031
4196,12,23000,4.361727836
4200,13-15,32000,4.505149978
4201,13-15,62000,4.792391689
4205,12,32000,4.505149978
4216,12,48000,4.681241237
4219,13-15,42000,4.62324929
4220,12,15000,4.176091259
4222,12,23031,4.362312795
4225,16,20000,4.301029996
4226,>16,85605,4.932499132
4227,>16,47000,4.672097858
4228,13-15,75000,4.875061263
4230,13-15,89000,4.949390007
4231,13-15,10000,4
4235,<12,2000,3.301029996
4236,13-15,58000,4.763427994
4239,12,48000,4.681241237
4240,12,50000,4.698970004
4242,12,48000,4.681241237
4245,13-15,75210,4.876275589
4247,13-15,90000,4.954242509
4249,12,26000,4.414973348
4251,12,62500,4.795880017
4252,13-15,41000,4.612783857
4254,13-15,8900,3.949390007
4257,16,34000,4.531478917
4263,12,16000,4.204119983
4265,13-15,27000,4.431363764
4268,12,84600,4.927370363
4274,12,11550,4.062581984
4278,12,80000,4.903089987
4279,12,150000,5.176091259
4280,16,49000,4.69019608
4285,16,40000,4.602059991
4289,>16,162660,5.211280768
4290,>16,75419,4.87748077
4292,13-15,38000,4.579783597
4295,13-15,76000,4.880813592
4296,16,40000,4.602059991
4297,13-15,88000,4.944482672
4298,>16,91000,4.959041392
4299,16,42000,4.62324929
4300,12,56000,4.748188027
4302,>16,53000,4.72427587
4303,12,32000,4.505149978
4306,>16,32000,4.505149978
4310,13-15,40000,4.602059991
4312,12,18000,4.255272505
4314,12,30000,4.477121255
4316,13-15,8500,3.929418926
4318,13-15,32000,4.505149978
4323,13-15,15500,4.190331698
4324,12,58000,4.763427994
4326,12,13200,4.120573931
4327,12,38000,4.579783597
4330,13-15,50000,4.698970004
4333,12,20000,4.301029996
4335,<12,67000,4.826074803
4337,13-15,23000,4.361727836
4338,12,22000,4.342422681
4339,12,12000,4.079181246
4345,12,14000,4.146128036
4348,13-15,93000,4.968482949
4350,16,26000,4.414973348
4352,16,30000,4.477121255
4353,16,120000,5.079181246
4354,13-15,20000,4.301029996
4355,16,22000,4.342422681
4358,13-15,50000,4.698970004
4366,13-15,70000,4.84509804
4372,>16,102500,5.010723865
4374,12,30000,4.477121255
4379,13-15,38000,4.579783597
4382,16,18000,4.255272505
4386,12,19900,4.298853076
4390,12,34000,4.531478917
4391,13-15,3500,3.544068044
4392,16,37000,4.568201724
4407,16,185662,5.268723024
4408,>16,92000,4.963787827
4409,13-15,50000,4.698970004
4410,16,63000,4.799340549
4413,16,30000,4.477121255
4417,<12,19000,4.278753601
4424,>16,93000,4.968482949
4425,>16,22000,4.342422681
4426,16,211052,5.324389472
4427,12,45000,4.653212514
4428,>16,42000,4.62324929
4429,>16,49938,4.698431145
4430,13-15,48000,4.681241237
4438,13-15,95000,4.977723605
4447,13-15,45291,4.65601191
4448,16,95000,4.977723605
4459,12,9000,3.954242509
4461,12,18000,4.255272505
4465,13-15,15000,4.176091259
4466,16,80000,4.903089987
4468,13-15,79000,4.897627091
4469,12,31200,4.494154594
4470,>16,75000,4.875061263
4471,>16,140000,5.146128036
4474,<12,30700,4.487138375
4476,<12,25000,4.397940009
4478,13-15,53000,4.72427587
4480,16,202617,5.306675881
4487,12,33000,4.51851394
4488,13-15,108000,5.033423755
4496,12,47000,4.672097858
4498,12,39000,4.591064607
4499,13-15,54300,4.73479983
4503,<12,18000,4.255272505
4505,12,25000,4.397940009
4506,13-15,30000,4.477121255
4508,16,72000,4.857332496
4509,13-15,72899,4.862721571
4511,13-15,125000,5.096910013
4513,13-15,48000,4.681241237
4514,13-15,125000,5.096910013
4517,16,146000,5.164352856
4518,13-15,70000,4.84509804
4519,12,50000,4.698970004
4520,12,40000,4.602059991
4524,12,50000,4.698970004
4528,13-15,62987,4.799250924
4531,16,113000,5.053078443
4532,16,73000,4.86332286
4534,13-15,35000,4.544068044
4536,13-15,11000,4.041392685
4538,12,40000,4.602059991
4540,16,57000,4.755874856
4541,12,35000,4.544068044
4542,13-15,34000,4.531478917
4543,12,1800,3.255272505
4544,12,12000,4.079181246
4548,16,100000,5
4557,12,6580,3.818225894
4560,13-15,21000,4.322219295
4561,12,16000,4.204119983
4563,12,60000,4.77815125
4565,16,98000,4.991226076
4566,12,90000,4.954242509
4569,12,85000,4.929418926
4570,>16,72000,4.857332496
4571,13-15,27359,4.437100219
4576,>16,16000,4.204119983
4579,13-15,35000,4.544068044
4582,13-15,50000,4.698970004
4583,12,21000,4.322219295
4586,12,38154,4.581540075
4589,12,38200,4.582063363
4590,>16,58000,4.763427994
4592,>16,48000,4.681241237
4594,12,25000,4.397940009
4595,13-15,95000,4.977723605
4596,12,65000,4.812913357
4601,12,30000,4.477121255
4602,13-15,10000,4
4604,12,27412,4.437940723
4606,16,15000,4.176091259
4607,>16,55000,4.740362689
4609,>16,194757,5.289493076
4619,12,9500,3.977723605
4621,12,24000,4.380211242
4623,12,62000,4.792391689
4624,13-15,27581,4.440610008
4625,13-15,77000,4.886490725
4626,>16,130000,5.113943352
4630,12,130000,5.113943352
4632,16,45000,4.653212514
4633,13-15,90000,4.954242509
4634,>16,355767,5.551165662
4635,>16,70000,4.84509804
4636,13-15,99000,4.995635195
4637,12,25000,4.397940009
4638,12,17000,4.230448921
4641,12,18000,4.255272505
4642,13-15,90000,4.954242509
4643,13-15,56000,4.748188027
4646,12,24000,4.380211242
4651,13-15,25000,4.397940009
4652,16,60000,4.77815125
4662,16,52000,4.716003344
4665,13-15,15000,4.176091259
4668,16,209400,5.320976677
4669,13-15,40000,4.602059991
4675,13-15,38000,4.579783597
4676,12,45000,4.653212514
4678,12,5000,3.698970004
4680,12,14000,4.146128036
4681,<12,3000,3.477121255
4683,>16,10000,4
4686,>16,84000,4.924279286
4687,13-15,68651,4.836646868
4692,>16,29000,4.462397998
4694,13-15,4000,3.602059991
4695,16,91500,4.961421094
4698,16,108000,5.033423755
4699,13-15,137000,5.136720567
4701,12,197062,5.294602886
4702,13-15,100000,5
4704,13-15,5000,3.698970004
4707,12,72000,4.857332496
4710,12,15000,4.176091259
4711,12,40000,4.602059991
4714,12,45000,4.653212514
4716,12,58000,4.763427994
4717,13-15,3000,3.477121255
4720,12,67000,4.826074803
4722,12,35000,4.544068044
4724,12,8400,3.924279286
4729,13-15,15000,4.176091259
4731,<12,20017,4.301398989
4732,12,21424,4.33090056
4733,<12,12000,4.079181246
4734,12,12000,4.079181246
4738,13-15,75000,4.875061263
4742,16,30000,4.477121255
4746,12,36000,4.556302501
4747,12,12000,4.079181246
4752,12,42000,4.62324929
4753,16,33000,4.51851394
4754,>16,67000,4.826074803
4755,12,54000,4.73239376
4756,>16,163271,5.212909053
4758,>16,60000,4.77815125
4759,12,62000,4.792391689
4760,>16,34000,4.531478917
4762,12,8600,3.934498451
4764,12,55000,4.740362689
4765,12,70000,4.84509804
4767,>16,40000,4.602059991
4768,13-15,30000,4.477121255
4770,12,31000,4.491361694
4772,12,24000,4.380211242
4774,12,4800,3.681241237
4776,12,41000,4.612783857
4777,12,22000,4.342422681
4778,12,26000,4.414973348
4779,12,27000,4.431363764
4780,12,25000,4.397940009
4788,12,66000,4.819543936
4790,12,13000,4.113943352
4793,16,115000,5.06069784
4795,16,70000,4.84509804
4798,>16,90000,4.954242509
4799,>16,40500,4.607455023
4803,13-15,19000,4.278753601
4804,12,12000,4.079181246
4805,13-15,90000,4.954242509
4810,13-15,50000,4.698970004
4812,16,80000,4.903089987
4813,13-15,74000,4.86923172
4815,13-15,58000,4.763427994
4817,12,35000,4.544068044
4818,12,21000,4.322219295
4820,16,25000,4.397940009
4822,12,30775,4.488198062
4825,13-15,42000,4.62324929
4826,>16,57000,4.755874856
4828,16,66768,4.824568367
4829,16,126000,5.100370545
4830,16,344856,5.537637786
4831,>16,54500,4.736396502
4832,13-15,57000,4.755874856
4834,16,80000,4.903089987
4839,13-15,14000,4.146128036
4840,13-15,24226,4.384281713
4842,>16,37000,4.568201724
4843,16,45000,4.653212514
4844,13-15,6000,3.77815125
4849,12,20000,4.301029996
4856,13-15,60000,4.77815125
4858,12,64000,4.806179974
4859,13-15,36000,4.556302501
4862,13-15,39000,4.591064607
4864,12,8575,3.933234129
4865,13-15,25000,4.397940009
4870,>16,6000,3.77815125
4871,16,34000,4.531478917
4872,>16,56000,4.748188027
4873,16,55000,4.740362689
4876,12,35000,4.544068044
4879,12,26500,4.423245874
4880,13-15,27000,4.431363764
4881,13-15,80000,4.903089987
4883,13-15,47000,4.672097858
4884,12,33000,4.51851394
4888,12,38083,4.580731153
4889,13-15,65000,4.812913357
4890,13-15,22000,4.342422681
4892,16,72000,4.857332496
4894,16,81000,4.908485019
4896,16,90000,4.954242509
4899,13-15,20000,4.301029996
4900,12,50000,4.698970004
4901,<12,32000,4.505149978
4906,12,7300,3.86332286
4907,>16,188255,5.27474652
4911,12,6000,3.77815125
4914,12,29000,4.462397998
4919,>16,52000,4.716003344
4921,>16,92500,4.966141733
4922,13-15,17000,4.230448921
4923,<12,22000,4.342422681
4924,13-15,33500,4.525044807
4926,12,48000,4.681241237
4927,16,159193,5.201923967
4929,13-15,17900,4.252853031
4930,13-15,18839,4.275057846
4931,13-15,33000,4.51851394
4933,13-15,39000,4.591064607
4934,12,25000,4.397940009
4937,<12,22000,4.342422681
4939,16,41000,4.612783857
4942,12,54000,4.73239376
4943,13-15,42000,4.62324929
4944,16,75000,4.875061263
4945,12,35000,4.544068044
4946,<12,43000,4.633468456
4948,12,18000,4.255272505
4952,12,26000,4.414973348
4953,13-15,22000,4.342422681
4954,>16,78000,4.892094603
4955,12,40000,4.602059991
4960,<12,60000,4.77815125
4962,13-15,36000,4.556302501
4966,12,32000,4.505149978
4967,13-15,32500,4.511883361
4968,13-15,66948,4.825737607
4972,13-15,3000,3.477121255
4975,>16,60000,4.77815125
4976,13-15,94000,4.973127854
4979,12,58000,4.763427994
4981,13-15,35100,4.545307116
4983,12,8000,3.903089987
4986,12,410008,5.612792331
4987,13-15,15000,4.176091259
4992,12,30000,4.477121255
4997,13-15,62000,4.792391689
4998,>16,69600,4.84260924
5001,>16,30000,4.477121255
5003,>16,228453,5.358796865
5007,12,63000,4.799340549
5012,>16,215765,5.333980998
5017,13-15,115000,5.06069784
5020,>16,39000,4.591064607
5021,>16,44000,4.643452676
5022,13-15,80000,4.903089987
5023,>16,39000,4.591064607
5025,13-15,40000,4.602059991
5026,13-15,42000,4.62324929
5028,>16,153447,5.185958402
5029,16,120000,5.079181246
5037,13-15,18230,4.260786669
5041,12,14000,4.146128036
5042,13-15,29000,4.462397998
5043,13-15,29993,4.477019908
5053,13-15,60000,4.77815125
5054,>16,34000,4.531478917
5055,13-15,43000,4.633468456
5060,12,24314,4.385856412
5062,13-15,25000,4.397940009
5085,12,9600,3.982271233
5091,>16,56400,4.751279104
5094,13-15,10000,4
5095,>16,20000,4.301029996
5096,>16,30000,4.477121255
5097,12,119000,5.075546961
5099,16,40000,4.602059991
5101,13-15,11000,4.041392685
5102,13-15,33000,4.51851394
5106,12,120000,5.079181246
5107,>16,152683,5.183790685
5108,16,33000,4.51851394
5115,12,27400,4.437750563
5125,13-15,3000,3.477121255
5128,<12,29000,4.462397998
5131,12,21213,4.326602092
5132,<12,26000,4.414973348
5134,13-15,42000,4.62324929
5139,12,15000,4.176091259
5140,16,10800,4.033423755
5143,>16,62000,4.792391689
5145,12,36000,4.556302501
5149,13-15,6000,3.77815125
5151,13-15,89000,4.949390007
5156,13-15,100000,5
5158,12,50000,4.698970004
5159,12,1200,3.079181246
5161,12,37000,4.568201724
5162,12,100000,5
5166,16,75000,4.875061263
5168,>16,23000,4.361727836
5170,>16,55000,4.740362689
5174,13-15,65000,4.812913357
5176,12,38000,4.579783597
5178,13-15,25000,4.397940009
5179,12,23000,4.361727836
5180,12,3563,3.551815822
5184,12,38000,4.579783597
5185,>16,57000,4.755874856
5186,12,29000,4.462397998
5187,13-15,34500,4.537819095
5188,16,46000,4.662757832
5189,12,27000,4.431363764
5191,13-15,20000,4.301029996
5192,12,30000,4.477121255
5193,16,56000,4.748188027
5194,12,32000,4.505149978
5195,12,28398,4.453287755
5197,>16,123000,5.089905111
5199,13-15,15000,4.176091259
5208,12,25000,4.397940009
5211,12,35718,4.552887133
5212,>16,20000,4.301029996
5219,12,83000,4.919078092
5221,13-15,35000,4.544068044
5222,>16,80000,4.903089987
5226,16,85000,4.929418926
5227,13-15,40000,4.602059991
5229,13-15,32530,4.512284063
5231,12,12000,4.079181246
5235,13-15,70000,4.84509804
5236,12,8400,3.924279286
5238,12,22000,4.342422681
5244,16,60000,4.77815125
5245,>16,200977,5.303146359
5246,13-15,31000,4.491361694
5247,12,26000,4.414973348
5248,13-15,96000,4.982271233
5249,13-15,36000,4.556302501
5250,16,55000,4.740362689
5251,12,50000,4.698970004
5252,12,9000,3.954242509
5254,13-15,120000,5.079181246
5255,13-15,37100,4.56937391
5256,13-15,68000,4.832508913
5257,12,40000,4.602059991
5258,12,33800,4.5289167
5259,13-15,3500,3.544068044
5262,12,11500,4.06069784
5263,13-15,35000,4.544068044
5264,16,65000,4.812913357
5266,13-15,98000,4.991226076
5267,13-15,50000,4.698970004
5268,12,11548,4.062506775
5269,<12,30000,4.477121255
5272,12,20000,4.301029996
5274,13-15,6000,3.77815125
5277,13-15,10000,4
5278,12,55000,4.740362689
5287,16,3200,3.505149978
5288,12,37500,4.574031268
5289,16,40264,4.604916917
5291,12,47500,4.67669361
5294,12,16000,4.204119983
5299,>16,45000,4.653212514
5300,13-15,63000,4.799340549
5301,12,29479,4.469512747
5307,12,28000,4.447158031
5308,13-15,11000,4.041392685
5310,>16,59800,4.776701184
5311,12,10000,4
5315,13-15,16000,4.204119983
5316,12,58000,4.763427994
5317,12,7200,3.857332496
5318,13-15,20000,4.301029996
5325,>16,600,2.77815125
5326,16,35000,4.544068044
5327,12,35000,4.544068044
5329,13-15,51000,4.707570176
5330,13-15,30000,4.477121255
5332,13-15,25000,4.397940009
5333,13-15,29000,4.462397998
5334,16,75000,4.875061263
5338,12,21939,4.341216828
5340,13-15,10000,4
5341,16,52000,4.716003344
5342,16,95000,4.977723605
5349,13-15,5250,3.720159303
5350,13-15,36500,4.562292864
5351,>16,53000,4.72427587
5352,16,110000,5.041392685
5353,12,3200,3.505149978
5356,12,36800,4.565847819
5357,12,34000,4.531478917
5358,13-15,55000,4.740362689
5360,13-15,14000,4.146128036
5361,13-15,3000,3.477121255
5362,12,56000,4.748188027
5363,<12,52000,4.716003344
5365,13-15,65000,4.812913357
5366,12,35000,4.544068044
5372,16,12000,4.079181246
5373,16,35000,4.544068044
5374,16,38400,4.584331224
5376,12,12000,4.079181246
5377,13-15,56000,4.748188027
5381,16,46000,4.662757832
5385,12,8000,3.903089987
5388,16,18000,4.255272505
5389,>16,53000,4.72427587
5390,13-15,52000,4.716003344
5391,>16,40000,4.602059991
5392,13-15,52000,4.716003344
5393,16,59850,4.777064155
5394,>16,42000,4.62324929
5395,>16,35000,4.544068044
5397,13-15,23699,4.374730021
5398,16,135000,5.130333768
5401,12,35000,4.544068044
5402,12,50000,4.698970004
5404,13-15,29500,4.469822016
5406,16,32000,4.505149978
5408,13-15,40000,4.602059991
5410,16,57000,4.755874856
5416,16,15000,4.176091259
5417,12,196680,5.2937602
5418,16,60000,4.77815125
5419,>16,81000,4.908485019
5420,16,125000,5.096910013
5421,12,13000,4.113943352
5427,13-15,38000,4.579783597
5428,13-15,45000,4.653212514
5430,16,37000,4.568201724
5435,12,36000,4.556302501
5436,12,29000,4.462397998
5439,16,110000,5.041392685
5440,12,38000,4.579783597
5441,13-15,150000,5.176091259
5442,13-15,6800,3.832508913
5445,13-15,14000,4.146128036
5446,<12,9600,3.982271233
5447,<12,27300,4.436162647
5450,12,8500,3.929418926
5451,12,50000,4.698970004
5453,13-15,6000,3.77815125
5456,12,25000,4.397940009
5461,<12,71776,4.855979252
5469,<12,7200,3.857332496
5470,12,43000,4.633468456
5474,16,62000,4.792391689
5476,12,26000,4.414973348
5484,12,900,2.954242509
5485,16,47000,4.672097858
5486,12,20500,4.311753861
5488,<12,350,2.544068044
5489,>16,91000,4.959041392
5491,12,52000,4.716003344
5493,12,56000,4.748188027
5494,12,29800,4.474216264
5499,12,50000,4.698970004
5500,13-15,40000,4.602059991
5502,12,16000,4.204119983
5504,16,95000,4.977723605
5505,12,22050,4.343408594
5508,12,20000,4.301029996
5510,12,20000,4.301029996
5511,13-15,28000,4.447158031
5512,13-15,55000,4.740362689
5513,16,25000,4.397940009
5514,12,10000,4
5516,12,22500,4.352182518
5518,13-15,40000,4.602059991
5519,<12,18000,4.255272505
5521,12,18560,4.268577972
5522,12,3000,3.477121255
5524,12,1300,3.113943352
5528,12,38000,4.579783597
5531,12,110000,5.041392685
5537,12,19000,4.278753601
5538,12,15000,4.176091259
5539,12,25000,4.397940009
5540,13-15,125000,5.096910013
5543,>16,133000,5.123851641
5544,12,10056,4.002425265
5545,12,16000,4.204119983
5546,12,32000,4.505149978
5550,12,11000,4.041392685
5551,12,29000,4.462397998
5555,12,14000,4.146128036
5558,12,45000,4.653212514
5565,16,36000,4.556302501
5566,12,25000,4.397940009
5568,13-15,38000,4.579783597
5572,12,31000,4.491361694
5573,12,24000,4.380211242
5575,12,15785,4.198244586
5576,12,34000,4.531478917
5580,12,47000,4.672097858
5581,12,22000,4.342422681
5585,12,54000,4.73239376
5590,16,42000,4.62324929
5591,16,65000,4.812913357
5592,>16,33000,4.51851394
5594,>16,79000,4.897627091
5599,16,82000,4.913813852
5603,<12,36000,4.556302501
5604,<12,40000,4.602059991
5607,12,30000,4.477121255
5609,13-15,24000,4.380211242
5611,13-15,18000,4.255272505
5612,13-15,26500,4.423245874
5613,12,30000,4.477121255
5614,12,26000,4.414973348
5616,12,35000,4.544068044
5617,12,20000,4.301029996
5618,16,43000,4.633468456
5621,>16,44000,4.643452676
5623,>16,96000,4.982271233
5624,>16,36000,4.556302501
5625,12,40000,4.602059991
5626,12,52000,4.716003344
5637,12,52000,4.716003344
5640,12,30000,4.477121255
5646,12,33000,4.51851394
5649,13-15,22000,4.342422681
5653,12,52000,4.716003344
5655,>16,90000,4.954242509
5661,13-15,1600,3.204119983
5666,16,80000,4.903089987
5667,>16,198032,5.296735374
5668,12,60000,4.77815125
5669,12,38000,4.579783597
5671,12,20000,4.301029996
5674,13-15,8000,3.903089987
5675,16,67500,4.829303773
5676,>16,15000,4.176091259
5677,12,72000,4.857332496
5684,12,12000,4.079181246
5690,>16,70000,4.84509804
5694,12,42000,4.62324929
5696,12,72000,4.857332496
5699,13-15,45000,4.653212514
5700,12,70000,4.84509804
5701,>16,114000,5.056904851
5702,13-15,24000,4.380211242
5703,13-15,42500,4.62838893
5705,12,10900,4.037426498
5708,13-15,33000,4.51851394
5710,>16,53000,4.72427587
5711,12,42000,4.62324929
5712,12,26280,4.419625361
5713,<12,44328,4.646678137
5718,12,9000,3.954242509
6285,13-15,60000,4.77815125
11751,<12,10000,4
11755,<12,60000,4.77815125
11758,>16,70000,4.84509804
11759,12,50000,4.698970004
11760,12,4000,3.602059991
11762,<12,100000,5
11763,13-15,146000,5.164352856
11769,13-15,8000,3.903089987
11776,<12,25000,4.397940009
11777,13-15,74500,4.872156273
11778,13-15,32900,4.517195898
11779,>16,1500,3.176091259
11785,12,78000,4.892094603
11786,12,65000,4.812913357
11787,<12,8000,3.903089987
11791,16,123000,5.089905111
11792,12,19000,4.278753601
11793,12,56000,4.748188027
11794,12,40000,4.602059991
11796,16,24000,4.380211242
11797,13-15,1200,3.079181246
11798,13-15,17000,4.230448921
11799,13-15,32000,4.505149978
11800,12,60000,4.77815125
11801,12,350,2.544068044
11806,13-15,63000,4.799340549
11807,12,80000,4.903089987
11809,16,39000,4.591064607
11811,12,8000,3.903089987
11813,12,30456,4.483672864
11814,<12,9000,3.954242509
11815,13-15,1300,3.113943352
11816,13-15,19500,4.290034611
11818,<12,13000,4.113943352
11819,13-15,27700,4.442479769
11820,16,50000,4.698970004
11822,12,57500,4.759667845
11830,12,2000,3.301029996
11832,13-15,15000,4.176091259
11833,13-15,25000,4.397940009
11835,16,14000,4.146128036
11838,13-15,52000,4.716003344
11839,12,45000,4.653212514
11841,13-15,57000,4.755874856
11844,13-15,20108,4.303368877
11845,13-15,40000,4.602059991
11846,12,54000,4.73239376
11848,16,24500,4.389166084
11849,12,50000,4.698970004
11850,<12,32000,4.505149978
11851,13-15,80000,4.903089987
11854,16,87000,4.939519253
11858,12,24000,4.380211242
11860,12,40000,4.602059991
11863,13-15,77919,4.89164337
11864,12,24000,4.380211242
11865,12,42500,4.62838893
11867,16,28000,4.447158031
11868,16,102831,5.012124059
11869,13-15,38400,4.584331224
11870,16,11000,4.041392685
11872,13-15,24500,4.389166084
11875,12,57000,4.755874856
11878,12,22000,4.342422681
11879,12,13691,4.13643517
11880,12,15000,4.176091259
11881,16,15000,4.176091259
11883,12,44000,4.643452676
11884,12,2200,3.342422681
11886,13-15,10000,4
11887,12,24200,4.383815366
11889,>16,40000,4.602059991
11890,<12,50400,4.702430536
11891,12,10000,4
11894,16,30330,4.48187241
11897,13-15,64000,4.806179974
11898,16,58500,4.767155866
11901,13-15,29000,4.462397998
11902,>16,48000,4.681241237
11905,16,60000,4.77815125
11909,12,16000,4.204119983
11911,13-15,46000,4.662757832
11916,>16,38000,4.579783597
11917,12,35000,4.544068044
11918,>16,85000,4.929418926
11920,16,338101,5.529046455
11923,13-15,12000,4.079181246
11924,13-15,68458,4.835424207
11925,12,58000,4.763427994
11926,12,45000,4.653212514
11929,>16,82000,4.913813852
11932,13-15,10000,4
11934,12,90000,4.954242509
11935,12,24000,4.380211242
11936,16,125000,5.096910013
11937,>16,43000,4.633468456
11939,12,15000,4.176091259
11940,12,14000,4.146128036
11942,12,39000,4.591064607
11945,13-15,40000,4.602059991
11947,12,90000,4.954242509
11949,12,26000,4.414973348
11950,12,2000,3.301029996
11955,16,42000,4.62324929
11958,12,75000,4.875061263
11971,13-15,39000,4.591064607
11972,>16,110500,5.043362278
11973,12,60000,4.77815125
11981,12,31000,4.491361694
11990,>16,70000,4.84509804
11993,12,40000,4.602059991
12000,12,33000,4.51851394
12005,13-15,35000,4.544068044
12006,16,17000,4.230448921
12008,12,60000,4.77815125
12010,>16,53000,4.72427587
12012,13-15,65000,4.812913357
12014,16,85000,4.929418926
12016,16,150000,5.176091259
12018,12,52900,4.723455672
12019,12,58000,4.763427994
12022,12,63000,4.799340549
12023,>16,65000,4.812913357
12031,12,40000,4.602059991
12032,12,24000,4.380211242
12034,16,161182,5.20731654
12036,13-15,28900,4.460897843
12039,12,22000,4.342422681
12041,12,46000,4.662757832
12042,12,3000,3.477121255
12043,12,628,2.797959644
12044,>16,45000,4.653212514
12045,>16,49000,4.69019608
12052,13-15,32000,4.505149978
12055,12,51000,4.707570176
12057,12,3000,3.477121255
12061,13-15,42000,4.62324929
12062,13-15,20000,4.301029996
12064,>16,158730,5.200659016
12065,<12,56000,4.748188027
12066,13-15,3000,3.477121255
12068,16,49000,4.69019608
12070,13-15,34000,4.531478917
12076,12,6000,3.77815125
12082,12,4000,3.602059991
12083,12,22000,4.342422681
12084,12,33793,4.528826748
12087,13-15,3000,3.477121255
12088,16,37000,4.568201724
12089,>16,40000,4.602059991
12090,12,30000,4.477121255
12092,16,30000,4.477121255
12093,12,82000,4.913813852
12097,12,54000,4.73239376
12098,13-15,53000,4.72427587
12102,16,100000,5
12104,13-15,36323,4.560181711
12106,>16,120000,5.079181246
12110,16,91000,4.959041392
12116,16,90000,4.954242509
12119,>16,45000,4.653212514
12122,<12,30000,4.477121255
12125,12,42000,4.62324929
12126,12,21000,4.322219295
12128,12,30000,4.477121255
12129,16,39500,4.596597096
12130,12,24000,4.380211242
12131,12,23000,4.361727836
12133,12,11560,4.062957834
12135,<12,22000,4.342422681
12138,13-15,21000,4.322219295
12139,12,12600,4.100370545
12140,13-15,45000,4.653212514
